,city,lat,lng,pop,temp,clouds,humidity,wind
5705,San Francisco,37.74000775,-122.4599777,2091036.0,75.51,20,60,9.17
3528,Lagos,6.4432616529999995,3.391531071,4733768.0,80.6,40,78,2.24
555,Duque de Caxias,-22.76999388,-43.30997685,842890.0,88.05,0,38,5.82
5813,Valencia,10.22998151,-67.9800214,1569526.5,89.6,40,43,2.24
1351,Luoyang,34.67998781,112.47007520000001,1552790.5,78.94,80,81,4.59
1402,Nanchong,30.78043256,106.1299971,2174000.0,75.07,92,96,2.8
1473,Nanning,22.81998822,108.32004429999999,1485394.0,78.8,40,94,4.47
1461,Huainan,32.62998374,116.97998079999999,1239327.5,78.76,20,87,7.49
1759,Santo Domingo,18.47007285,-69.90008508,1078436.5,79.77,90,83,5.82
2409,Ahmedabad,23.03005292,72.58000362,4547355.0,86.0,40,74,5.82
1548,Bucaramanga,7.1300932,-73.12588302,790410.0,73.4,75,94,4.7
1495,Chengdu,30.67000002,104.0700195,4036718.5,77.0,92,94,4.25
3773,Cebu,10.31997601,123.9000752,806817.0,78.8,90,94,5.82
1401,Xiamen,24.44999208,118.080017,1548668.5,80.6,0,88,2.24
3598,Abbottabad,34.1495034,73.19950069,1032323.5,87.8,0,35,11.41
2382,Ranchi,23.37000633,85.33002641,945227.0,77.0,75,94,3.36
230,Rosario,-32.95112954,-60.66630762,1094784.5,50.0,0,25,3.36
3239,Chihuahua,28.64498151,-106.08498229999998,750633.5,96.8,5,22,5.82
3642,Panama City,8.96801719,-79.53303715,844584.0,83.26,40,79,5.82
1047,Ndjamena,12.11309654,15.04914831,835193.5,84.2,0,62,2.24
2482,Bogor,-6.570000795,106.75001090000002,859000.0,77.0,40,94,9.17
1362,Heze,35.22998008,115.45004840000001,796301.0,83.17,68,72,10.4
2055,Hamburg,53.55002464,9.999999144,1748058.5,58.21,75,82,9.17
4475,Songnam,37.4386111,127.1377778,986967.5,68.74,40,83,4.7
3460,Niamey,13.51670595,2.116656045,828895.5,87.8,20,48,10.29
5515,Long Beach,33.78696739,-118.1580439,1249195.5,72.19,20,60,5.82
5669,Sacramento,38.57502138,-121.47003810000001,1035949.0,90.91,1,24,4.7
1491,Changchun,43.86500856,125.33998729999999,2860210.5,69.8,75,73,4.47
1492,Baotou,40.65220725,109.82201979999999,1229664.5,61.84,48,88,2.57
2056,Munich,48.12994204,11.57499345,1267695.5,61.09,0,55,2.24
331,Perth,-31.95501463,115.8399987,1206108.0,50.07,0,71,8.05
2577,Tehran,35.67194277,51.42434403,7513154.5,85.12,0,16,6.93
1790,Quito,-0.21498818100000003,-78.50005111,1550407.0,64.54,48,86,1.9
2407,Patna,25.62495913,85.13003861,1878960.0,86.0,75,70,4.7
2405,Jaipur,26.92113324,75.80998734,2814379.0,89.6,40,49,9.17
2774,Kyoto,35.02999229,135.7499979,1632320.0,60.94,0,91,2.46
2074,Accra,5.5500346060000005,-0.21671574,2042132.0,77.0,20,88,6.93
3400,Rotterdam,51.919969099999996,4.479974323,801599.5,60.1,90,77,9.17
1487,Tianjin,39.13002626,117.20001909999999,5473103.5,78.8,68,74,2.24
2023,Mannheim,49.50037518,8.470015013,1337587.0,65.3,90,55,6.93
2395,Varanasi,25.32999005,83.00003943,1258202.0,78.94,56,90,2.68
3297,Rabat,34.02529909,-6.83613082,1680376.5,68.0,90,77,5.82
2502,Malang,-7.97999225,112.61001499999999,775858.0,68.05,8,93,2.68
5044,Sharjah,25.37138287,55.40647823,952015.5,90.07,0,59,6.93
2103,Athens,37.98332623,23.73332108,1985568.5,71.6,40,60,8.05
823,Sao Paulo,-23.55867959,-46.62501998,14433147.5,76.8,90,56,13.87
4941,Bursa,40.1999868,29.06999792,1425544.5,68.0,40,72,12.75
3799,Krakow,50.05997927,19.96001135,755525.0,55.4,75,87,5.82
1479,Xian,34.27502545,108.8949963,3617406.0,75.2,40,94,4.47
4484,Busan,35.09505292,129.0100476,3480000.0,71.6,0,94,3.36
3627,Peshawar,34.00501609,71.53500281,1260886.5,75.25,0,50,2.68
5803,Barquisimeto,10.04999249,-69.29996668,962745.0,78.8,75,54,11.41
2853,Almaty,43.32498985,76.91503617,1096256.0,62.6,75,67,2.24
1724,Kobenhavn,55.67856419,12.56348575,1085000.0,63.64,0,72,4.7
1462,Shantou,23.37000633,116.6700256,1467486.5,80.6,75,94,3.47
3827,San Juan,18.44002301,-66.12997929,1437115.5,85.93,40,58,21.92
2601,Mosul,36.34500246,43.14500443,1228467.0,82.09,0,36,6.26
3776,Manila,14.60415895,120.98221720000001,7088787.5,80.6,90,100,5.82
2286,Bareilly,28.34538739,79.41999955,781217.5,86.59,0,54,4.36
2515,Jakarta,-6.174417705,106.82943759999999,8832560.5,77.0,40,94,9.17
3768,Cagayan de Oro,8.450839456,124.68529860000001,861824.5,69.85,56,100,2.68
5679,San Antonio,29.48733319,-98.50730534,1364905.0,95.7,75,41,21.92
5100,Birmingham,52.47497398,-1.9199967869999999,1634666.5,73.44,0,35,4.7
3116,Nezahualcoyotl,19.41001548,-99.02998661,929681.5,72.18,40,35,11.41
2882,Mombasa,-4.040026022,39.68991817,840834.0,76.87,0,94,13.65
821,Recife,-8.075645326,-34.91560551,2564549.0,78.8,75,74,13.87
1208,Xiangtan,27.85043052,112.9000232,2183454.0,80.6,0,83,6.71
1403,Neijiang,29.58037661,105.0500114,1006427.0,77.32,32,93,3.47
4288,Novosibirsk,55.02996014,82.96004187,1213100.5,62.6,0,93,4.14
1642,Mbuji-Mayi,-6.1500264289999995,23.59999589,1084880.5,74.17,0,71,2.68
2021,Dusseldorf,51.22037355,6.779988972000001,906196.5,61.09,75,77,6.93
1420,Lupanshui,26.59443483,104.83333209999999,886256.0,64.27,92,99,2.35
3296,Fez,34.05459963,-5.000377239,983445.5,67.86,90,83,5.82
804,Natal,-5.780023174,-35.24000431,925521.5,83.53,88,65,19.24
3523,Kaduna,10.52001548,7.440000365,1191296.5,74.71,0,85,5.7
3775,Davao,7.110016906,125.6299955,1307252.0,78.8,40,94,2.24
3750,Quezon City,14.650435199999999,121.0299662,2761720.0,80.6,90,100,5.82
2775,Sendai,38.28710614,141.0217175,1643781.0,66.34,12,73,9.51
5040,Kharkiv,49.99998293,36.25002478,1338063.5,60.8,40,67,4.47
4671,Zhongli,24.96502525,121.2167765,1001193.0,81.7,20,88,5.82
3547,Nampo,38.76692078,125.4524338,791000.0,66.43,64,86,4.59
2778,Hiroshima,34.387835100000004,132.44291299999998,1594420.5,66.25,0,98,3.36
4662,Damascus,33.500034,36.29999589,2466000.0,75.2,0,38,20.8
1302,Luan,31.75034751,116.48001140000001,1408227.5,78.22,36,88,3.36
3518,Port Harcourt,4.810002257,7.010000772000001,1020000.0,75.34,92,92,5.14
1320,Datong,40.08001996,113.2999987,1462839.0,70.66,92,58,3.69
3248,Puebla,19.04995994,-98.20003727,1793549.5,69.8,40,52,6.93
4299,Moscow,55.75216412,37.61552283,10452000.0,59.02,0,93,8.95
3249,Monterrey,25.66999514,-100.3299848,2417437.0,86.05,20,58,12.75
2513,Bandung,-6.950029278,107.5700126,2046859.5,63.64,64,99,1.45
2072,Kumasi,6.689990863999999,-1.630014487,1468575.5,74.8,92,94,6.49
1411,Jilin,43.84997072,126.55004270000002,2138988.5,65.71,92,71,5.37
4298,St. Petersburg,59.93901451,30.31602006,4023106.0,60.8,75,87,4.47
2364,Srinagar,34.09997154,74.81500932,1057928.5,42.49,92,82,2.01
4355,Dakar,14.71583173,-17.47313013,2540200.0,78.8,75,83,6.93
1398,Yichun,27.8333333,114.4,982000.0,79.48,8,81,8.61
1471,Zibo,36.79998761,118.04999299999999,1865385.0,76.87,92,58,8.39
2620,Jerusalem,31.77840782,35.20662593,915150.0,78.8,40,69,6.93
822,Rio de Janeiro,-22.92502317,-43.22502079,6879087.5,88.09,0,65,2.24
1348,Pingdingshan,33.73040753,113.2999987,849000.0,80.65,64,87,8.95
372,Dhaka,23.72305971,90.40857947,9899167.0,84.2,75,89,6.93
1001,Calgary,51.08299176,-114.0799982,1012661.0,71.6,20,49,8.05
4574,Omdurman,15.61668113,32.48002234,2289428.5,98.6,0,23,12.75
1448,Ningbo,29.87997072,121.5500378,1321433.5,77.0,12,100,4.47
5304,Irvine,33.68041058,-117.82995020000001,1611303.5,72.73,20,60,13.87
2757,Kobe,34.67998781,135.1699816,1528478.0,69.8,0,88,3.36
233,Mendoza,-32.88333006,-68.81661117,827815.0,55.4,0,43,4.7
1409,Xuzhou,34.28001223,117.1800203,1645096.5,80.11,68,82,8.72
4281,Volgograd,48.71000999,44.49996049,801827.5,77.0,0,57,4.47
4946,Istanbul,41.10499615,29.01000159,10003305.0,69.75,75,56,14.99
1110,Santiago,-33.45001382,-70.66704085,2883305.5,57.2,20,50,3.36
4465,Masan,35.21910219,128.583562,1081499.0,71.6,0,94,3.36
5683,Cincinnati,39.16188479,-84.45692265,971191.0,81.45,40,51,11.41
1300,Huaibei,33.95036826,116.7500207,908019.5,80.11,68,82,8.72
4939,Gaziantep,37.07498374,37.38499426,943262.0,77.0,0,53,6.93
1361,Taian,36.19999839,117.1200756,1629000.0,77.59,88,64,8.39
4481,Incheon,37.47614789,126.64223340000001,2550000.0,68.79,75,82,2.24
3246,Merida,20.96663881,-89.61663355,841087.5,89.6,75,59,18.34
2712,Kingston,17.97707662,-76.76743371,801336.5,87.8,20,66,24.16
2363,Faridabad,28.433333299999997,77.3166667,1394000.0,98.6,40,37,6.93
1218,Baoding,38.87042971,115.4800207,1051326.0,73.72,76,72,3.02
4821,Bangkok,13.74999921,100.5166447,5904238.0,84.2,20,70,10.29
2389,Tiruchirappalli,10.80999778,78.68996659,863242.0,86.0,40,58,9.17
2780,Osaka,34.75003522,135.46014480000002,6943206.5,69.8,0,88,3.36
3732,Arequipa,-16.41999388,-71.53001144,775785.0,68.0,0,19,11.41
2360,Gwalior,26.229986800000002,78.18007523,930229.0,95.0,40,39,4.7
5682,Cleveland,41.469986799999994,-81.69499821,1169757.0,76.23,90,64,11.41
3247,Guadalajara,20.67001609,-103.3300342,2919294.5,73.4,40,53,3.13
3298,Marrakesh,31.629993100000004,-7.999987428,855648.0,80.6,0,44,5.82
4540,Seville,37.40501528,-5.980007366000001,957533.0,77.83,0,61,13.87
4482,Daejeon,36.33554567,127.425028,1458165.0,66.2,0,82,2.24
3820,Porto,41.15000633,-8.620001262999999,793316.5,65.34,75,93,1.12
1489,Nanjing,32.05001914,118.7799743,3383005.0,77.0,44,94,6.71
4695,Dushanbe,38.56003522,68.77387935,882822.0,75.2,12,41,4.47
2353,Allahabad,25.45499534,81.84000688,1137219.0,77.95,92,92,3.8
5102,Glasgow,55.87440472,-4.250707236,885134.0,66.16,0,40,10.29
4454,Port Elizabeth,-33.97003375,25.60002885,830527.0,51.8,12,93,4.7
1975,Marseille,43.28997906,5.37501013,1097405.5,72.9,0,53,8.05
3797,Lodz,51.77499086,19.45136023,758000.0,53.6,20,93,6.93
2377,Ludhiana,30.92776206,75.87225745,1597184.0,85.15,32,59,4.14
3231,San Luis Potosi,22.16997622,-100.99999559999999,834852.0,80.6,75,42,2.91
2599,Irbil,36.1790436,44.00862097,795870.0,91.4,0,18,9.17
2960,Banghazi,32.11673342,20.06672318,881187.0,77.0,20,69,20.8
2049,Stuttgart,48.77997988,9.199996296,1775644.0,64.4,75,55,5.82
4285,Kazan,55.74994204,49.12634477,1013635.0,69.8,0,68,5.14
1164,Hechi,23.09653465,109.6091129,3275189.5,73.54,92,99,2.68
4340,Medina,24.49998903,39.5800024,1010000.0,104.0,0,5,9.17
130,Luanda,-8.838286114,13.23442704,3562086.0,73.36,0,89,5.93
1012,Edmonton,53.55002464,-113.49998190000001,885195.5,77.0,1,57,4.7
5694,Seattle,47.57000205,-122.33998500000001,1821684.5,63.81,20,72,6.93
4344,Riyadh,24.64083315,46.77274166,4335480.5,93.2,0,8,5.82
1180,Yangjiang,21.85040916,111.9700024,751181.5,77.23,92,100,7.94
5099,Manchester,53.50041526,-2.2479871030000003,1312757.5,69.48,0,37,8.05
1407,Zaozhuang,34.88000144,117.5700223,1164332.5,78.4,80,79,5.93
4483,Gwangju,35.1709656,126.9104341,1428469.0,66.2,0,100,5.82
373,Chittagong,22.32999229,91.79996741,4224611.0,77.59,92,100,13.98
1650,Lubumbashi,-11.6800248,27.48001745,1114317.0,64.81,0,46,9.17
5700,Boston,42.32996014,-71.07001367,2528070.5,77.41,90,64,12.75
3446,Managua,12.15301658,-86.26849166,920000.0,84.2,75,70,11.41
4283,Yekaterinburg,56.85002993,60.59995967,1270488.0,57.2,0,87,2.24
1424,Zhanjiang,21.19998374,110.3800219,1113895.0,81.28,36,100,7.61
5933,Harare,-17.81778969,31.04470943,1557406.5,57.2,0,54,10.29
4619,Stockholm,59.35075995,18.09733473,1258654.5,62.51,0,42,6.93
371,Rajshahi,24.37498374,88.60502029999999,755066.5,78.49,24,93,5.37
3791,Katowice,50.26038047,19.02001705,1527362.0,53.76,75,93,3.36
3716,Callao,-12.07002684,-77.13496647,786231.5,61.57,20,100,12.19
2355,Ghaziabad,28.66038108,77.40839107,1270095.5,98.6,40,37,6.93
4296,Perm,57.99995974,56.24999263,924154.0,62.6,0,72,6.71
3388,Kathmandu,27.71669191,85.31664221,895000.0,73.4,75,94,3.36
2289,Haora,22.58039044,88.32994665,2934655.0,80.6,75,94,5.82
3031,Kelang,3.0203698919999997,101.55001829999999,917933.5,77.0,75,94,2.24
5815,Maracaibo,10.72997683,-71.65997766,1764650.0,91.72,32,70,5.82
4862,Tunis,36.80277814,10.1796781,1570476.5,72.39,40,83,6.93
3044,Kuala Lumpur,3.166665872,101.6999833,1448000.0,77.0,75,94,2.24
5892,Aden,12.77972251,45.00949011,775301.0,84.97,32,94,3.91
1490,Hangzhou,30.24997398,120.17001869999999,2442564.5,77.0,8,94,2.24
5697,St. Louis,38.63501772,-90.23998051,1259958.0,83.61,75,62,9.17
3741,Lima,-12.04801268,-77.05006209,7385117.0,67.06,0,69,3.02
4369,Singapore,1.293033466,103.85582070000001,4236614.5,79.63,75,83,2.24
4541,Valencia,39.48501752,-0.400012046,806652.0,77.0,20,73,6.93
4661,Aleppo,36.22997072,37.1700203,2170132.0,79.84,0,47,12.97
3828,Doha,25.28655601,51.53296789,1090655.0,89.6,0,55,1.12
1400,Fuyang,30.0533333,119.95194440000002,771000.0,77.0,8,94,2.24
399,Brussels,50.83331708,4.3333166080000005,1381011.0,63.1,20,67,8.05
814,Belem,-1.450003236,-48.48002303,1787368.5,87.8,40,58,6.93
2614,Dublin,53.33306114,-6.248905682,1013988.0,71.62,0,52,13.87
5738,Montevideo,-34.85804157,-56.17105229,759162.0,47.77,0,37,8.05
1014,Vancouver,49.27341658,-123.1216442,1458415.0,66.58,1,77,5.82
2362,Rajkot,22.31001935,70.80000891,1179941.0,81.19,68,85,7.83
1441,Handan,36.57997520000001,114.4799784,1494659.0,83.44,92,64,9.4
4250,Chelyabinsk,55.15499127,61.43866817,1018802.0,60.8,40,72,6.71
2369,Hubli,15.35997845,75.12501623,841402.0,68.14,64,99,10.18
5645,Austin,30.26694969,-97.74277836,919684.0,92.97,20,52,13.87
1334,Luzhou,28.87998008,105.380017,1537000.0,78.22,24,74,7.94
1456,Daqing,46.57995913,125.0000081,948244.0,73.99,92,36,10.63
3482,Ikare,7.530430521,5.759999551,899965.5,76.15,92,91,3.02
1299,Wanxian,30.81999086,108.40003940000001,1680000.0,73.72,36,82,5.14
5563,Oakland,37.76892071,-122.2211034,953044.0,75.85,20,56,8.05
1130,Zhucheng,35.98995953,119.38009270000002,881963.5,69.85,8,84,10.18
1410,Wuxi,31.57999615,120.29998490000001,1428823.5,76.33,0,91,8.95
2400,Coimbatore,10.99996035,76.95002112,1327911.5,75.2,40,83,9.17
1399,Yancheng,33.3855556,120.12527779999999,839000.0,74.17,36,91,8.61
2404,Nagpur,21.16995974,79.08999385,2341009.0,86.0,40,70,4.7
2388,Salem,11.66999697,78.18007523,825698.0,78.04,80,73,8.95
5708,Miami,25.7876107,-80.22410608,2983947.0,89.4,75,59,12.75
2371,Mysore,12.30998374,76.66001298,877656.5,69.13,88,91,10.18
1393,Xianyang,34.345555600000004,108.71472220000001,1126000.0,75.2,40,94,4.47
3471,Aba,5.100397968,7.34998002,874385.0,76.87,76,91,6.38
3321,Maputo,-25.95527749,32.58916296,1318806.5,69.8,40,68,11.41
1295,Liuzhou,24.28000246,109.25001340000001,1436030.5,73.81,100,99,5.03
2669,Turin,45.07038719,7.669960489,1258631.5,68.61,75,64,6.93
1758,Santiago,19.50000999,-70.67001225,1471007.5,79.66,75,78,6.93
1890,Addis Ababa,9.033310363,38.70000443,2928864.5,61.12,56,55,2.91
3526,Abuja,9.083333149,7.533328002,869067.5,75.07,0,89,5.82
1116,Yangquan,37.86997398,113.5700081,851801.5,68.95,68,70,1.23
4427,Vereeniging,-26.64960203,27.95998816,774340.5,41.59,0,42,4.36
1422,Hefei,31.85003135,117.2800142,1711952.0,80.6,8,94,11.18
5685,Memphis,35.11998679999999,-89.99999516,753843.5,86.59,1,70,11.41
4477,Suwon,37.25778912,127.01089309999999,1078000.0,68.74,75,82,2.24
1443,Dalian,38.92283839,121.6298308,2601153.5,78.8,0,41,13.42
1436,Mianyang,31.46997703,104.7699768,830068.0,72.37,88,98,4.25
2380,Lucknow,26.85503908,80.91499874,2583505.5,87.8,75,66,2.24
4744,Dar es Salaam,-6.800012595,39.26834184,2814326.0,78.04,0,69,14.43
4284,Samara,53.19500755,50.15129512,996595.0,77.0,0,57,4.47
790,Belo Horizonte,-19.91502602,-43.91500452,3974112.0,74.34,75,49,5.82
2406,Kanpur,26.459998600000002,80.3199963,2992624.5,87.8,75,66,2.24
4542,Barcelona,41.38329958,2.1833703190000002,3250797.5,74.3,0,69,3.36
1480,Taiyuan,37.87501243,112.5450577,2817737.5,77.0,0,57,4.47
5064,Sheffield,53.36667666,-1.4999965830000002,922800.0,72.48,0,36,5.82
2891,Kuwait,29.36971763,47.97830115,1061532.0,102.2,0,15,13.87
5656,Indianapolis,39.74998842,-86.17004806,1104641.5,81.3,40,51,4.7
916,Douala,4.060409769,9.709991006000001,1622041.0,75.2,75,94,2.24
1395,Suining,30.5333333,105.53333329999998,1425000.0,73.9,92,98,5.03
5695,Phoenix,33.53997988,-112.06999170000002,2436022.5,95.7,1,13,8.05
5703,Detroit,42.32996014,-83.08005579,2526135.0,71.19,90,73,6.93
4258,Omsk,54.98998842,73.39995357,1089201.5,60.8,40,72,2.24
5689,Pittsburgh,40.429998600000005,-79.99998539,1535267.5,77.74,20,65,14.99
1326,Zhuzhou,27.82999249,113.15003370000001,894679.0,80.6,0,83,6.71
2509,Palembang,-2.980039043,104.7500297,1595250.0,71.6,90,94,4.7
1558,Cartagena,10.39973859,-75.51439356,887000.0,87.8,40,74,6.93
1358,Fushun,41.86538902,123.8699996,1435323.0,78.8,0,69,6.71
1791,Guayaquil,-2.220033754,-79.92004195,2233014.5,82.4,75,58,3.36
5411,Fort Lauderdale,26.13606488,-80.14178552,1103781.5,89.19,40,66,12.75
2394,Amritsar,31.63999249,74.86999304,1152225.0,90.9,36,52,4.59
2603,Basra,30.51352378,47.81355668,870000.0,95.34,0,20,4.7
5893,Sanaa,15.354733300000001,44.20659338,1921926.5,64.0,32,23,5.03
2052,Cologne,50.93000368,6.950004433999999,983697.5,62.33,75,72,6.93
800,Maceio,-9.619995505,-35.72997441,1000215.5,78.8,40,65,12.75
2570,Ahvaz,31.27998863,48.72001298,918572.5,93.2,0,20,2.24
818,Fortaleza,-3.7500178839999996,-38.57998132,2958717.5,86.0,20,48,14.99
326,Newcastle,-32.84534788,151.81501219999998,816285.5,44.6,32,100,6.93
1459,Xining,36.6199986,101.7700048,907765.5,55.81,92,99,2.91
2397,Bhilai,21.216666699999998,81.4333333,1097000.0,85.69,88,62,13.76
2514,Surabaya,-7.249235821,112.75083329999998,2609829.0,78.85,44,95,5.37
3621,Gujranwala,32.16042584,74.18502193,1448735.5,87.8,40,45,6.93
4453,Pretoria,-25.70692055,28.22942908,1338000.0,53.6,0,34,3.36
1446,Huaiyin,33.58000327,119.02998490000002,909615.0,75.61,80,93,9.62
2410,Surat,21.19998374,72.84003943,3368252.0,79.39,92,100,12.19
5661,Baltimore,39.29999005,-76.61998499,1432946.0,86.9,20,43,9.95
2722,Kawasaki,35.52998761,139.705002,1372025.5,67.89,1,82,6.93
5670,Las Vegas,36.20999778,-115.22000609999999,1150717.0,96.19,1,13,10.29
5767,Tashkent,41.31170188,69.29493282,2081014.0,77.0,0,33,9.17
3356,Rangoon,16.783354100000004,96.16667761,3694910.0,78.8,90,94,4.7
2738,Hamamatsu,34.71807334,137.7327193,887242.5,65.62,20,70,7.16
4480,Daegu,35.86678876,128.60697140000002,2460000.0,71.6,0,68,2.24
2412,Bangalore,12.96999514,77.56000972,5945523.5,71.6,40,100,13.87
1355,Jinzhou,41.12036989,121.10003940000001,780134.5,79.03,92,50,12.19
4940,Izmir,38.43614968,27.15179401,2454909.0,75.2,0,64,4.59
2348,Sholapur,17.6704059,75.90000769,1009056.0,72.64,88,93,11.3
2961,Tripoli,32.89250002,13.18001176,1209199.0,77.0,40,73,16.11
3823,Lisbon,38.72272288,-9.144866305,1664901.0,71.62,20,68,10.29
816,Porto Alegre,-30.05001463,-51.20001205,2644870.5,55.4,90,76,8.05
2184,Hong Kong,22.304980899999997,114.18500929999999,5878789.5,81.12,40,78,6.93
5036,Odessa,46.49001629999999,30.71000118,847500.5,66.2,0,39,4.47
1178,Maanshan,31.73040041,118.4800443,1000121.0,77.0,36,94,6.71
2365,Vijayawada,16.51995933,80.63000321,1005793.5,77.41,56,86,5.14
5103,London,51.49999473,-0.116721844,7994104.5,71.78,0,49,13.87
1350,Xinxiang,35.32043968,113.8699898,823300.5,74.53,68,97,2.8
2770,Nagoya,35.15499758,136.91499140000002,2710639.5,71.6,0,78,9.17
1460,Guilin,25.279993100000002,110.280028,818176.0,77.0,20,94,4.47
3516,Benin City,6.340477314,5.620008096,929013.0,75.7,80,93,2.91
2440,Bekasi,-6.217257468,106.972323,1949165.0,77.0,40,94,9.17
2384,Raipur,21.23499453,81.63500647,777497.5,85.69,88,62,13.76
5816,Caracas,10.50099855,-66.91703719,2400339.5,82.4,40,74,5.82
3353,Mandalay,21.96998842,96.08502885,1167000.0,75.88,92,97,10.96
1474,Guiyang,26.58004295,106.7200386,2416816.5,68.0,90,100,2.24
1978,Lyon,45.77000856,4.830030475,947658.5,69.75,0,37,11.41
1323,Xiantao,30.3704059,113.4400419,897703.0,81.55,12,82,8.61
4479,Ulsan,35.54673077,129.31695390000002,1011932.5,71.6,0,94,3.36
5699,Dallas,32.82002382,-96.84001693,3004852.0,92.95,5,44,19.46
810,Manaus,-3.100031719,-60.00001754,1636622.0,86.9,40,70,3.36
2883,Nairobi,-1.283346742,36.81665686,2880273.5,57.52,76,95,2.57
3800,Warsaw,52.25000063,20.99999955,1704569.5,53.6,0,87,6.93
4426,Benoni,-26.14958087,28.32993974,1795672.0,53.6,0,32,4.36
554,Nova Iguacu,-22.74002155,-43.46996708,844583.0,88.02,0,38,5.82
4580,Khartoum,15.58807823,32.53417924,3364323.5,98.6,0,23,12.75
1438,Baoshan,25.11997703,99.15000972,925000.0,62.29,80,98,1.9
1472,Lanzhou,36.05602785,103.7920003,2282609.0,62.6,75,93,2.24
5711,Los Angeles,33.98997825,-118.1799805,8097410.0,72.21,20,60,5.82
817,Curitiba,-25.420013,-49.3199976,2291430.0,66.2,40,77,5.82
2575,Shiraz,29.62996014,52.57001054,1240000.0,78.8,0,13,4.7
4474,Puch'on,37.4988889,126.78305559999998,866000.0,68.76,75,82,2.24
2563,Kermanshah,34.38000612,47.06001094,828313.0,78.8,0,21,9.17
1353,Dandong,40.14360781,124.39358519999999,750986.5,65.89,80,94,4.25
1444,Qingdao,36.08997927,120.33000890000001,2254122.5,71.6,75,83,8.95
5653,Jacksonville,30.33002077,-81.66998682,904953.5,92.43,40,49,9.17
2779,Sapporo,43.07497927,141.34004430000002,2202893.0,53.6,75,87,16.11
556,Niteroi,-22.90001178,-43.09998967,993920.0,88.14,0,65,2.24
2433,Cilacap,-7.718819561,109.0154024,1174964.0,80.65,92,90,16.89
333,Sydney,-33.92001097,151.18517980000001,4135711.0,39.18,20,75,9.17
5548,Virginia Beach,36.85321433,-75.97831873,877475.5,90.09,40,62,9.17
1488,Nanchang,28.67999229,115.8799963,2110675.5,76.6,24,90,4.7
2731,Kitakyushu,33.87039899,130.8200146,990286.5,71.6,0,78,8.05
1314,Haikou,20.05000226,110.32002560000001,1606808.5,78.8,0,94,6.71
2057,Berlin,52.52181866,13.40154862,3250007.0,55.4,75,100,8.05
1344,Anyang,36.07997988,114.3500122,834064.5,83.71,92,66,9.4
1440,Shijianzhuang,38.05001467,114.4799784,2204737.0,80.6,0,57,4.47
2576,Mashhad,36.27001996,59.569996700000004,2318126.5,77.0,0,27,7.94
1343,Tangshan,39.62433718,118.194377,1737974.5,75.25,56,66,7.61
4682,Tainan,23.00000307,120.20004270000001,1319156.0,80.91,75,88,2.24
4456,Johannesburg,-26.17004474,28.03000972,2730734.5,53.6,0,32,4.36
4282,Ufa,54.78997479,56.04003129,969378.0,64.4,0,68,6.71
2131,Guatemala,14.62113466,-90.52696558,1009469.0,73.4,75,64,11.41
5712,"Washington, D.C.",38.89954938,-77.00941858,2445216.5,86.54,1,51,7.05
1405,Jinxi,40.7503408,120.8299784,1369623.5,76.42,92,55,11.07
5709,Atlanta,33.83001385,-84.39994938,2464454.0,89.11,75,59,8.05
1329,Changde,29.02999676,111.6800459,993390.0,79.57,8,83,7.49
2994,Antananarivo,-18.91663735,47.5166239,1544216.5,59.0,75,87,4.7
1365,Ganzhou,25.91997988,114.95002720000001,1216134.5,78.4,8,82,5.7
2399,Madurai,9.920026264,78.12002722,1101954.0,84.2,20,66,11.41
2939,Monrovia,6.31055666,-10.80475163,913331.0,78.8,75,94,7.38
2674,Palermo,38.12502301,13.35002722,767587.5,75.2,20,69,13.87
1349,Xinyang,32.130376,114.06997759999999,1411944.0,80.65,36,87,10.18
2172,Port-au-Prince,18.5410246,-72.33603459,1616371.0,89.6,40,55,17.22
1562,Bogota,4.596423563,-74.08334396,7052830.5,66.2,40,52,13.87
3628,Lahore,31.55997154,74.35002478,6443944.0,90.34,40,52,3.13
2350,Nasik,20.00041872,73.77998205,1381248.5,71.65,92,98,8.95
2361,Vadodara,22.31001935,73.18001868,1582738.0,81.28,92,86,10.18
2511,Ujungpandang,-5.1399588839999995,119.43202749999999,1262000.0,77.0,40,94,2.24
1369,Nantong,32.0303821,120.8250175,806625.5,75.79,64,95,9.06
4485,Seoul,37.566349100000004,126.99973100000001,9796000.0,68.76,75,82,2.24
1481,Wuhan,30.58003135,114.270017,5713603.0,80.6,40,94,6.71
1132,Xinyi,34.38000612,118.35002639999999,962656.0,78.94,64,80,7.94
805,Campinas,-22.90001178,-47.10002975,1911277.0,82.4,20,26,3.36
1450,Hohhot,40.81997479,111.65999550000001,1250238.5,68.0,40,72,4.47
1478,Dongguan,23.048888899999998,113.74472220000001,4528000.0,80.6,40,78,6.71
3429,Auckland,-36.850013,174.76498080000002,759510.0,53.6,92,93,11.41
4543,Madrid,40.40002626,-3.6833516860000004,2808718.5,92.01,0,19,2.24
1815,El Giza,30.00998863,31.19002356,2681863.0,84.2,0,62,11.41
819,Salvador,-12.969971899999999,-38.47998743,3081422.5,82.4,40,61,12.75
2702,Abidjan,5.319996967,-4.04004826,3496197.5,78.8,75,83,9.17
370,Khulna,22.839987,89.56000077,1447669.5,81.82,80,91,11.18
2924,Beirut,33.87197512,35.50970821,1779062.5,78.8,20,69,5.82
5875,Ho Chi Minh City,10.78002545,106.69502720000001,4390665.5,82.4,20,94,6.93
4945,Ankara,39.92723859,32.86439164,3511689.5,66.61,0,56,6.93
5713,New York,40.74997906,-73.98001693,13524139.0,80.76,75,61,13.87
5038,Dnipropetrovsk,48.47997235,35.00002356,949424.5,60.8,0,67,6.71
3299,Casablanca,33.59997622,-7.616367433,3162954.5,68.86,75,68,10.29
1367,Changzhou,31.77998395,119.96997920000001,1138009.0,76.33,0,91,8.95
3211,Aguascalientes,21.87945992,-102.2904135,763589.5,71.6,40,53,11.41
2385,Jabalpur,23.17505699,79.95505733,1157584.0,86.05,12,63,10.51
1729,Djibouti,11.59501446,43.14800167,763506.5,84.79,64,82,3.58
2391,Bhubaneshwar,20.27042808,85.82736039,803121.5,84.2,75,94,3.36
5035,Lvov,49.83498008,24.02999548,760841.5,53.6,0,87,2.24
4362,Belgrade,44.81864545,20.46799068,1099000.0,61.68,0,59,2.24
2787,Az Zarqa,32.06999208,36.100008100000004,843678.0,72.45,0,56,6.93
238,Buenos Aires,-34.60250161,-58.39753137,11862073.0,47.53,0,36,3.36
729,Vitoria,-20.32399331,-40.36599634,1008328.0,78.8,0,78,13.87
5918,Lusaka,-15.41664427,28.28332759,1297720.0,62.74,8,50,8.39
1561,Cali,3.399959126,-76.49996647,2216418.0,84.2,75,48,4.7
2204,Budapest,47.50000633,19.08332068,1679000.0,62.6,0,55,9.17
2386,Indore,22.71505922,75.86502274,1931520.5,77.59,92,91,9.95
1434,Yueyang,29.38005292,113.10001090000002,826000.0,83.44,8,76,11.86
1483,Kunming,25.06998008,102.6799751,1977337.0,64.4,90,100,2.24
445,Santa Cruz,-17.75391762,-63.22599634,1859530.5,65.32,75,72,11.41
2378,Kota,25.17999921,75.83499874,795044.0,80.11,24,79,10.51
3625,Multan,30.19997703,71.45500769,1479615.0,93.2,40,46,3.91
3226,Torreon,25.57005292,-103.42000290000001,834033.0,96.8,20,26,3.8
5612,San Bernardino,34.12038373,-117.3000342,973690.5,75.54,5,34,4.7
5809,Maracay,10.2468797,-67.59580713,1007000.0,89.6,40,43,2.24
2790,Amman,31.95002525,35.93329993,1060000.0,74.37,0,56,12.75
3527,Kano,11.99997683,8.5200378,3140000.0,78.8,0,83,2.24
4243,Rostov,47.23464785,39.71265579999999,1032567.0,75.97,36,58,5.7
2007,Essen,51.44999778,7.016615355,1157801.5,60.55,75,77,6.93
1321,Jianmen,30.65005292,113.16000729999999,937875.0,81.55,12,82,8.61
1013,Montr√©al,45.49999921,-73.58329696,3017278.0,71.67,90,73,2.24
1486,Jinan,36.67498232,116.99501869999999,2433633.0,79.75,92,57,9.62
1346,Kaifeng,34.85000327,114.3500122,872000.0,82.4,90,78,4.47
5873,Da Nang,16.06003908,108.2499711,943534.5,80.94,75,88,3.36
1493,Harbin,45.74998395,126.64998490000002,3425441.5,64.4,20,82,4.47
2573,Tabriz,38.08629152,46.30124589,1304713.0,78.8,20,34,6.93
1209,Zigong,29.40000002,104.780002,897480.5,77.32,32,93,3.47
1828,Cairo,30.04996035,31.24996822,9813807.0,84.2,0,62,11.41
1421,Quanzhou,24.9000163,118.5799865,823571.5,80.6,0,88,2.24
5672,Portland,45.52002382,-122.67999009999998,1207756.5,73.76,20,47,3.36
2508,Semarang,-6.966617412000001,110.42001950000001,1342042.0,70.21,56,100,3.24
5050,Dubai,25.22999615,55.27997432,1258173.5,91.4,0,59,9.17
2676,Milan,45.4699752,9.20500891,2125830.5,73.35,75,41,4.7
1475,Chongqing,29.56497703,106.59498159999998,5214014.0,80.6,0,78,4.47
1494,Urumqi,43.80501223,87.57500565,1829612.5,84.2,0,25,8.95
2054,Frankfurt,50.09997683,8.67501542,1787332.0,65.82,75,52,10.29
1357,Benxi,41.33038291,123.75000690000002,923933.0,78.8,0,69,6.71
1406,Yantai,37.53040814,121.40002109999999,1417666.0,73.81,56,78,15.21
332,Melbourne,-37.82003131,144.97501619999997,2131812.5,45.81,90,75,2.91
3513,Zaria,11.0799813,7.710009724,754836.5,75.25,8,87,6.38
3622,Quetta,30.22000165,67.02499385,750837.5,68.68,0,18,3.24
3237,Leon,21.1499868,-101.7000304,1301313.0,73.4,75,53,8.05
245,Yerevan,40.18115074,44.51355139,1097742.5,80.6,68,34,18.34
436,Cochabamba,-17.41001097,-66.16997685,804138.0,71.6,20,28,4.7
2677,Rome,41.89595563,12.48325842,1687226.0,72.48,0,56,4.7
1245,Shangrao,28.47039268,117.96999790000001,922421.5,71.29,8,92,2.24
1696,Havana,23.13195884,-82.36418217,2082458.5,87.8,75,58,11.41
2393,Vishakhapatnam,17.73001467,83.30498205,1296089.0,84.88,48,76,10.63
4343,Makkah,21.43002138,39.82003943,1354312.0,96.8,20,44,2.24
2574,Isfahan,32.70000531,51.7000378,1572883.0,77.0,0,15,4.7
1469,Qiqihar,47.34497703,123.9899922,1261682.0,74.17,100,46,10.4
1392,Zhuhai,22.276944399999998,113.56777779999999,1023000.0,81.18,40,88,14.99
1497,Shanghai,31.21645245,121.4365047,14797756.0,75.2,75,100,4.47
2713,Okayama,34.67202964,133.9170865,752872.0,59.41,0,85,1.34
2905,Bishkek,42.87307945,74.58520422,820606.0,39.97,92,88,2.24
30,Kabul,34.51669029,69.18326005,3160266.0,75.2,0,19,17.22
2403,Pune,18.53001752,73.85000362,3803872.0,70.75,92,98,9.62
5702,Philadelphia,39.99997316,-75.16999597,3504775.0,86.5,75,54,6.93
2402,Hyderabad,17.39998313,78.47995357,4986908.0,77.0,75,88,5.82
4681,New Taipei,25.01277778,121.465,2821870.0,81.59,20,88,5.82
1006,Ottawa,45.4166968,-75.70001529999999,978564.5,71.6,90,64,11.41
2671,Florence,43.78000083,11.25000036,935758.5,75.2,0,41,6.93
5707,Houston,29.81997438,-95.33997929,4053287.0,91.4,75,52,10.29
3402,Amsterdam,52.34996869,4.9166401760000005,886318.0,58.37,75,82,11.41
2396,Asansol,23.6833333,86.9833333,1328000.0,78.04,68,94,3.47
3629,Karachi,24.86999229,66.99000891,11877109.5,86.0,75,66,11.41
1651,Kinshasa,-4.329724102,15.31497188,6704351.5,76.12,75,83,4.7
1496,Beijing,39.92889223,116.38828570000001,9293300.5,78.8,0,65,2.24
2621,Tel Aviv-Yafo,32.07999147,34.77001176,1745179.0,78.8,40,69,8.05
894,Phnom Penh,11.55003013,104.9166345,1466000.0,82.4,40,78,2.24
1328,Yiyang,28.60041058,112.3300321,777304.0,81.73,20,79,9.62
5696,San Diego,32.82002382,-117.1799899,1938570.5,71.74,1,47,3.69
5692,Minneapolis,44.97997927,-93.25178634,1491886.5,77.52,1,65,13.87
1340,Qinhuangdao,39.93036501,119.6200264,881359.0,70.84,44,65,3.8
2500,Bandar Lampung,-5.430018698,105.2699979,795757.0,73.36,76,92,1.68
5039,Donetsk,48.00000165,37.82998002,874137.5,68.32,0,57,6.93
2349,Aurangabad,19.89569643,75.32030147,1064720.5,75.2,75,83,4.7
2358,Meerut,29.00041201,77.70000118,1310592.0,82.63,0,72,2.57
4660,Hims,34.72995892,36.72002193,890202.0,70.57,0,59,9.73
5638,Kansas City,39.10708851,-94.60409422,955272.5,76.05,90,78,13.87
327,Adelaide,-34.93498777,138.60000480000002,990677.0,37.4,0,93,5.82
2675,Naples,40.84002525,14.24501135,1619486.0,73.4,0,31,9.17
1305,Foshan,23.03005292,113.12000970000001,785174.0,80.6,40,78,6.71
1342,Zhangjiakou,40.83000002,114.92997679999999,802820.5,63.82,88,82,3.13
5872,Haiphong,20.83000633,106.68009270000002,1285847.5,80.92,92,95,6.26
4310,Kigali,-1.953590069,30.06053178,802630.5,64.63,68,66,4.59
2398,Bhopal,23.24998781,77.40999304,1663457.0,81.19,44,78,10.18
3289,Agadir,30.43998822,-9.620043581000001,752031.5,73.4,20,56,10.29
2540,Karaj,35.800358700000004,50.97000484,1423000.0,84.63,0,14,6.93
2154,Conakry,9.531522846,-13.68023503,1494000.0,81.37,56,100,11.52
129,Huambo,-12.74998533,15.76000932,986000.0,55.54,0,50,1.01
5710,Chicago,41.82999066,-87.75005497,5915976.0,78.44,75,61,9.17
1477,Guangzhou,23.144981299999998,113.3250101,5990912.5,80.6,40,78,6.71
815,Brasilia,-15.78334023,-47.91605229,3139979.5,77.0,0,25,6.93
3041,George Town,5.413613156,100.3293679,1610101.0,79.59,75,83,2.24
3216,Queretaro,20.63001853,-100.3799817,786392.5,75.2,40,50,9.17
4280,Nizhny Novgorod,56.33300722,44.00009436,1246463.0,80.6,20,54,2.24
5701,Tampa,27.94698793,-82.45862085,1319232.5,90.68,75,50,8.05
4256,Saratov,51.57998985,46.0299963,814586.5,80.6,0,47,2.24
5600,Columbus,39.97997438,-82.9900096,1003418.0,81.5,40,51,10.29
2000,Tbilisi,41.72500999,44.79079545,1052628.5,77.0,40,61,17.22
3206,Ciudad Juarez,31.69037701,-106.4900481,1343000.0,96.19,20,14,19.46
820,Goiania,-16.72002724,-49.30002466,1596597.5,80.29,40,25,6.93
1187,Maoming,21.92040489,110.8700179,1217715.0,75.07,80,98,2.68
5042,Kiev,50.43336733,30.51662797,2185754.0,57.81,64,71,4.47
836,Sofia,42.68334943,23.31665401,1029913.5,62.6,75,55,4.7
343,Vienna,48.20001528,16.36663896,2065500.0,64.4,75,52,6.93
329,Brisbane,-27.45503091,153.03509269999998,1393176.5,45.91,0,71,10.29
1396,Lingyuan,41.24,119.40111110000001,806000.0,76.15,80,56,10.29
5114,Mesa,33.42391461,-111.73608440000001,762217.5,96.4,5,18,9.17
3616,Rawalpindi,33.59997622,73.04002722,1800550.5,86.0,0,37,9.17
1454,Jiamusi,46.83002138,130.3500175,784774.5,59.05,56,68,7.61
1484,Zhengzhou,34.75499615,113.66509270000002,2325062.5,82.4,90,78,4.47
4392,Mogadishu,2.066681334,45.36667761,987694.0,78.85,92,99,18.23
4455,Durban,-29.865013,30.98001054,2729000.0,68.95,0,100,5.03
2401,Delhi,28.6699929,77.23000403,11779606.5,98.6,40,37,6.93
4476,Goyang,37.65273586,126.83724850000002,903000.0,68.49,75,82,2.24
2356,Agra,27.17042035,78.01502071,1511027.5,90.82,44,54,2.46
2367,Kochi,10.01500755,76.22391557,1061848.0,80.6,75,88,2.13
1914,Helsinki,60.17556337,24.93412634,836728.5,59.0,0,67,12.75
3520,Ibadan,7.380026264,3.929982054,2221285.0,75.7,92,91,3.36
2217,Kalyan,19.25023195,73.16017493,1576614.0,78.8,90,94,9.17
4988,Kampala,0.316658955,32.58332353,1386594.5,66.88,12,77,5.48
743,Natal,-6.983825663999999,-60.26994938,980588.0,97.12,0,28,3.69
1980,Paris,48.86669293,2.333335326,4957588.5,67.77,0,49,6.93
1432,Ankang,32.67998069,109.02000159999999,1025000.0,69.76,64,98,2.01
1476,Fuzhou,26.07999595,119.3000459,1892860.0,78.8,0,94,6.71
5098,Leeds,53.83000755,-1.580017539,992061.5,74.89,0,49,11.41
3250,Mexico City,19.44244244,-99.1309882,14919501.0,72.21,40,35,11.41
2323,Bhiwandi,19.35001914,73.12999589,751017.5,78.8,90,94,9.17
1391,Xuanzhou,30.9525,118.75527779999999,866000.0,77.77,44,91,3.36
2346,Chandigarh,30.71999697,76.78000565,946685.5,81.91,0,58,3.8
5681,Raleigh,35.81878135,-78.64469344,789991.5,90.5,40,49,6.6
1360,Weifang,36.7204059,119.1001098,973866.0,73.99,76,64,10.63
3065,Bamako,12.65001467,-8.000039105,1395640.5,75.2,40,88,5.82
